"show_id","vendor_name","email","category","phone","sign_up_status","sign_in_status","last_sign_in_utc","contract_status","approved","vendor_status","invite_status","password_reset_status","last_reset_sent_at_utc","vendor_id","owner_uid","created_at_utc","updated_at_utc"
"putnam-fall-2026","A Cut Above Roofing LLC","acutaboveroofing@gmail.com","Roofing","","Account Claimed (No sign-in recorded)","Not Signed In","","Not Signed","yes","approved","","","","10PckUQMzpxdsTszeDB9","VorTAckfiha30wBmgEOveqtoLnz2","2026-03-04T21:10:14.000Z","2026-03-04T21:10:14.000Z"
"putnam-fall-2026","All American Mattress LLC","derrick@allamericanmattress.com","Other","","Account Claimed (No sign-in recorded)","Not Signed In","","Not Signed","yes","approved","","","","fiq6Km1gVHtA9kmpywwM","loB9tYWEJHhgDQzWJFCot8I3IrU2","2026-03-04T21:10:03.000Z","2026-03-04T21:10:03.000Z"
"putnam-fall-2026","Allen's Land Development","allenslanddevelopment@gmail.com","Other","","Completed","Signed In","Sun, 22 Feb 2026 20:48:13 GMT","Not Signed","yes","","claimed","included_in_invite","2026-02-22T20:41:24.540Z","iapbuC9Jfmht5RmhW69D","uO77ztA2uFWC2IetlMyjHn8bpmT2","2026-02-22T20:41:22.000Z","2026-02-22T20:48:19.000Z"
"putnam-fall-2026","American Home","gayle.edmiston@yahoo.com","Other","","Account Claimed (No sign-in recorded)","Not Signed In","","Not Signed","yes","approved","","","","6EriGMG81lmmVLx69j37","qXdhessOnXTuvSL2yPtEUQtlLqT2","2026-03-04T21:10:13.000Z","2026-03-04T21:10:13.000Z"
"putnam-fall-2026","American Home Design","mgoodchild@americanhomedesign.com","Other","","Account Claimed (No sign-in recorded)","Not Signed In","","Not Signed","yes","approved","","","","kwEEdA2M6mYyhloucqmP","Rga5uDEEi4eigDQ6sWxm5zyw02H2","2026-03-04T21:10:10.000Z","2026-03-04T21:10:10.000Z"
"putnam-fall-2026","America's Home Place","jbrezeale@americashomeplace.com","Other","","Account Claimed (No sign-in recorded)","Not Signed In","","Not Signed","yes","approved","","","","xZOl6TqY8G8SQ2jbe7Hp","OWg2sqi1YLR3V3h4RGfHuY9qh6y2","2026-03-04T21:10:02.000Z","2026-03-04T21:10:02.000Z"
"putnam-fall-2026","Aqua Pools","sales@aquapoolsllc.com","Pools & Spas","","Account Claimed (No sign-in recorded)","Not Signed In","","Not Signed","yes","approved","","","","p2EhDXAEnyjHBBDegqQN","oi84xslzJgXN5qgdL84iFdd1ynZ2","2026-03-04T21:10:07.000Z","2026-03-04T21:10:07.000Z"
"putnam-fall-2026","Axen Realty","canglin@axenrealty.com","Other","","Account Claimed (No sign-in recorded)","Not Signed In","","Not Signed","yes","approved","","","","QkxWix0knItN4X2NqqGi","qsMBAhnV1CWibEo2tl3Z5fbT97E2","2026-03-04T21:10:05.000Z","2026-03-04T21:10:05.000Z"
"putnam-fall-2026","B&H Storm Shelters","b&hshelters@yahoo.com","Other","","Account Claimed (No sign-in recorded)","Not Signed In","","Not Signed","yes","approved","","","","U1jVucY8fZTbMQGKfC9G","QCaJUdkgMPNinTgtDCTKugVHLAH2","2026-03-04T21:10:03.000Z","2026-03-04T21:10:03.000Z"
"putnam-fall-2026","B&H Storm Shelters","bandhshelters@yahoo.com","Other","","Account Claimed (No sign-in recorded)","Not Signed In","","Not Signed","yes","approved","","","","kBZSgtdsWUdwvyiJBYyy","MER9Gb5KFRZbofS3tXVQSs8Mc602","2026-03-04T21:10:01.000Z","2026-03-04T21:10:01.000Z"
"putnam-fall-2026","Barrier Waterproofing","barrieroftn@gmail.com","Other","","Account Claimed (No sign-in recorded)","Not Signed In","","Not Signed","yes","approved","","","","xVAMMzEzmPqSGP3Fl0vM","DXrdLJK6UvZqCoy1iDQ8N8OOyPM2","2026-03-04T21:09:47.000Z","2026-03-04T21:09:47.000Z"
"putnam-fall-2026","Bath Fitter","marshellia.johnson@bathfitter.com","Other","","Account Claimed (No sign-in recorded)","Not Signed In","","Not Signed","yes","approved","","","","PqJCodo4bAbnDuH7pgvi","UWO9utyN0NZBVbUWBPlbMHdlWQr2","2026-03-04T21:09:57.000Z","2026-03-04T21:09:57.000Z"
"putnam-fall-2026","Beautiful Homes and Decks","curbappealoftn@gmail.com","Other","","Account Claimed (No sign-in recorded)","Not Signed In","","Not Signed","yes","approved","","","","l391bb7mVmpMkMfCTCi1","xU29nmQA62bGiSMkIjqbpfR7AxI2","2026-03-04T21:10:15.000Z","2026-03-04T21:10:15.000Z"
"putnam-fall-2026","Bruck Contractors LLC","zeke@bruckcontractors.com","Other","","Completed","Signed In","Mon, 23 Feb 2026 00:02:26 GMT","Not Signed","yes","approved","","","","p7QR35JAl9MSPImvtxUN","RlPhavbt3MNrRXciRFJYK4575Q52","2026-03-04T21:10:07.000Z","2026-03-04T21:10:07.000Z"
"putnam-fall-2026","Budget Blinds","jwilliams@budgetblinds.com","Other","","Account Claimed (No sign-in recorded)","Not Signed In","","Not Signed","yes","approved","","","","qnJYWueIyEzIOgbCgBSq","YwrxucHTJjRFzl1Puq01Xrle4KO2","2026-03-04T21:09:53.000Z","2026-03-04T21:09:53.000Z"
"putnam-fall-2026","C & W Mechanical","lisa@cwmechanicalservices.com","HVAC","","Completed","Signed In","Wed, 04 Mar 2026 20:51:15 GMT","Signed","yes","","claimed","included_in_invite","2026-02-22T22:02:15.579Z","OOfFb7ejltG1xWeTkQLA","pMVjtTEiQIPl8fVexPcPOmBfUNQ2","2026-02-22T22:02:12.000Z","2026-03-04T20:52:04.000Z"
"putnam-fall-2026","Campbell Pest Solutions","russell@campbellpestsolutions.com","Other","","Account Claimed (No sign-in recorded)","Not Signed In","","Not Signed","yes","approved","","","","6z0JtFmWHCtI6bn0RGc9","zdoeJpko55N50v4vekdb6XXUyYG3","2026-03-04T21:10:12.000Z","2026-03-04T21:10:12.000Z"
"putnam-fall-2026","Cana Event Backdrops","canaeventbackdrops@gmail.com","Other","","Account Claimed (No sign-in recorded)","Not Signed In","","Not Signed","yes","approved","","","","BHXyekSJIXfBUcBQ2K7W","iP58RHiUwsY5ajiXyVJ07WXTPE13","2026-03-04T21:10:04.000Z","2026-03-04T21:10:04.000Z"
"putnam-fall-2026","Clinic Shape","nathaliaskincare@gmail.com","Other","","Account Claimed (No sign-in recorded)","Not Signed In","","Not Signed","yes","approved","","","","a3P2mhwzw0GsLPUI6sG8","eZ6ua7HAb1VMAm38fD8oDcxm50z1","2026-03-04T21:10:02.000Z","2026-03-04T21:10:02.000Z"
"putnam-fall-2026","Craft Body Scan","rick@crafthealth.com","Other","","Account Claimed (No sign-in recorded)","Not Signed In","","Not Signed","yes","approved","","","","VWvMmLmIZzSTSEkrlsoa","swPxpz2wUwSw5Q8ln9fxGr8SmI23","2026-03-04T21:10:09.000Z","2026-03-04T21:10:09.000Z"
"putnam-fall-2026","Creative Log Cabins","vwinneccs@gmail.com","Other","","Account Claimed (No sign-in recorded)","Not Signed In","","Not Signed","yes","approved","","","","VOjMCy3ZALh6BsWaP1eR","yz8KqtkYyQTLI9rZtfOpuhwGQSt2","2026-03-04T21:09:57.000Z","2026-03-04T21:09:57.000Z"
"putnam-fall-2026","Cumberland Cleaning","nick@cumberlandcleaning.com","Home Cleaning","(931) 520-8651","Completed","Signed In","Thu, 12 Feb 2026 20:11:34 GMT","Not Signed","yes","approved","","","","R3rZqnqOC8AiGqFSsbyv","jsxyon2XlvPE1TtiV7G3SK0EsIE3","2026-03-04T21:09:59.000Z","2026-03-04T21:09:59.000Z"
"putnam-fall-2026","Custom Bath & Shower","pat@custombathandshower.com","Other","","Account Claimed (No sign-in recorded)","Not Signed In","","Not Signed","yes","approved","","","","opE0l6qV16LSBLGQzsEE","Gwo5vjTIHHX8YTjrJkQ5IiJ7XEh2","2026-03-04T21:10:08.000Z","2026-03-04T21:10:08.000Z"
"putnam-fall-2026","CUTCO","jcoley22@gmail.com","Other","","Invite Sent","Not Signed In","","Not Signed","yes","","sent","included_in_invite","2026-02-22T20:28:45.815Z","FQoZSsrkHQHs74xcrKjU","","2026-02-22T20:28:42.000Z","2026-02-22T20:28:42.000Z"
"putnam-fall-2026","CXT","twoodward@lbfoster.com","Concrete","","Invite Sent","Not Signed In","","Not Signed","yes","","sent","included_in_invite","2026-02-22T20:43:08.993Z","0K3RoQUHwLIHda7brbNP","","2026-02-22T20:43:07.000Z","2026-02-22T20:43:07.000Z"
"putnam-fall-2026","Erie Home","erieevents@leafhome.com","Other","","Account Claimed (No sign-in recorded)","Not Signed In","","Not Signed","yes","approved","","","","jAFMXaOXOuSr4ZxTzFN3","SkFuyga5aegQTIVDziVousi2Vs73","2026-03-04T21:10:15.000Z","2026-03-04T21:10:15.000Z"
"putnam-fall-2026","FLOWSHIELD GUTTER PROTECTION","rob@tnshield.com","Other","","Account Claimed (No sign-in recorded)","Not Signed In","","Not Signed","yes","approved","","","","1tOa6oGwJigoZ7rGXDQu","PX1C3FJ7p2hYwxCgUzX2MD9WWiQ2","2026-03-04T21:10:11.000Z","2026-03-04T21:10:11.000Z"
"putnam-fall-2026","Flynn Development","jaden@flynndevelopment.co","General Contractor","(931) 510-6147","Account Claimed (No sign-in recorded)","Not Signed In","","Not Signed","yes","approved","","","","jzVFka9cNsAtF2GWvbX2","yJ79SYrdWvgv9pUdPQpRgUERvdu2","2026-03-04T21:09:54.000Z","2026-03-04T21:09:54.000Z"
"putnam-fall-2026","Garage Force of Nashville","wwatson@garageforce.com","Other","","Account Claimed (No sign-in recorded)","Not Signed In","","Not Signed","yes","approved","","","","CJIuF6RBgGZUrg84ox81","viRLkY922IN124zaWItG5NoAOhY2","2026-03-04T21:10:05.000Z","2026-03-04T21:10:05.000Z"
"putnam-fall-2026","H20 Waterbiz southeast LLC","dennis@h20waterbiz.com","Other","","Account Claimed (No sign-in recorded)","Not Signed In","","Not Signed","yes","approved","","","","o6jmD5QraLIH244vccfD","iq9QeBBNqIVl88wE0yEshC3CPOw2","2026-03-04T21:09:47.000Z","2026-03-04T21:09:47.000Z"
"putnam-fall-2026","Historic Granville","granvilletnoffice@gmail.com","Other","","Account Claimed (No sign-in recorded)","Not Signed In","","Not Signed","yes","approved","","","","CU7zG6xUSNcJGPmEaSRV","OwQGkM1rnAU2JzW77OvIVjtIUjJ2","2026-03-04T21:10:00.000Z","2026-03-04T21:10:00.000Z"
"putnam-fall-2026","Home Stretch","james.blair@home-stretch.com","Other","","Account Claimed (No sign-in recorded)","Not Signed In","","Not Signed","yes","approved","","","","4fqDUe1CWTRQ2Tj5hMHL","U2hBtFGs9hWiFWK5zUs6iCp8QuQ2","2026-03-04T21:10:06.000Z","2026-03-04T21:10:06.000Z"
"putnam-fall-2026","Improveit Home Remodeling","glayton@improveitusa.com","Remodeling","","Account Claimed (No sign-in recorded)","Not Signed In","","Not Signed","yes","approved","","","","JfTdpxeD220Dfed9GQNQ","gCRIb0xb4EWiAHXRdkU4JWuLVar2","2026-03-04T21:09:51.000Z","2026-03-04T21:09:51.000Z"
"putnam-fall-2026","Improveit Home Remodeling","ihrshowmanager@improveitusa.com","Other","","Account Claimed (No sign-in recorded)","Not Signed In","","Not Signed","yes","approved","","","","oUfd0P0AghiOBPZe04Ig","smcgvdP9ptekmCiNaOzFHkrtr6e2","2026-03-04T21:10:06.000Z","2026-03-04T21:10:06.000Z"
"putnam-fall-2026","Innovative Home Services","moriah@irtn.co","Other","","Account Claimed (No sign-in recorded)","Not Signed In","","Not Signed","yes","approved","","","","W7gfihYB3NnxIizZg562","kPBZCXjfh2fmM5orzdGD069ceh93","2026-03-04T21:10:05.000Z","2026-03-04T21:10:05.000Z"
"putnam-fall-2026","Integrity Metal Sales & Lumber","ims@ibyfax.com","Other","","Account Claimed (No sign-in recorded)","Not Signed In","","Not Signed","yes","approved","","","","gPhaHvV7j7mzOfrmY4w2","sKGBLNF0vsedGqMF0wg8Qs3fIya2","2026-03-04T21:09:50.000Z","2026-03-04T21:09:50.000Z"
"putnam-fall-2026","Karen’s Cleaning","kpresley1@gmail.com","Other","","Account Claimed (No sign-in recorded)","Not Signed In","","Not Signed","yes","approved","","","","AwfHLGpWRpew42C7w0EO","JrrGAjTKRhWquJqnjmWes2OCxXD3","2026-03-04T21:10:02.000Z","2026-03-04T21:10:02.000Z"
"putnam-fall-2026","LeafFilter Gutter Protection","events@leaffilter.com","Other","","Account Claimed (No sign-in recorded)","Not Signed In","","Not Signed","yes","approved","","","","WvBR2yCFJPYY71SSTV8h","pyd6jNmgyJYBYTCZR5KBgg1bctt2","2026-03-04T21:10:07.000Z","2026-03-04T21:10:07.000Z"
"putnam-fall-2026","Leafguard","kschwarz@leafguard.com","Other","","Account Claimed (No sign-in recorded)","Not Signed In","","Not Signed","yes","approved","","","","txuZ4Cgb1MWCX9bpXR6Y","LYNiBAwWu6NVH1QNyCnZujadFnh2","2026-03-04T21:10:10.000Z","2026-03-04T21:10:10.000Z"
"putnam-fall-2026","LeafHome Bath","natalie.bloomer@leafhome.com","Other","","Account Claimed (No sign-in recorded)","Not Signed In","","Not Signed","yes","approved","","","","J63gUL0DRknWbyjwOGDv","lo5BNSQ349SNe1hvWoMCvwnsiaV2","2026-03-04T21:09:48.000Z","2026-03-04T21:09:48.000Z"
"putnam-fall-2026","LeafX of TN","tjholland1.th@gmail.com","Other","","Account Claimed (No sign-in recorded)","Not Signed In","","Not Signed","yes","approved","","","","NDjwJmneudwIF6AVDUsa","zFqE8hTHongoOrpsaGpE3PenYBR2","2026-03-04T21:10:03.000Z","2026-03-04T21:10:03.000Z"
"putnam-fall-2026","Middle Tennessee Cleaners","mike@middletennesseecleaners.com","Other","","Account Claimed (No sign-in recorded)","Not Signed In","","Not Signed","yes","approved","","","","aW0r2sk1xyBtS2Vlg6Ps","1P1JKqgoBshv81bZA3cRWgPpPFs1","2026-03-04T21:09:49.000Z","2026-03-04T21:09:49.000Z"
"putnam-fall-2026","Middle Tennessee Metals","houseofkna@gmail.com","General Contractor","9318815804","Completed","Signed In","Thu, 12 Feb 2026 00:56:12 GMT","Not Signed","yes","approved","","","","aCMPWWUX88IzSWEU6hbv","gTos6cVysDf82EaA4nE4CmbY7oF2","2026-03-04T21:09:46.000Z","2026-03-04T21:09:46.000Z"
"putnam-fall-2026","Modern Development","jaden@moderndevelopment.co","Other","","Account Claimed (No sign-in recorded)","Not Signed In","","Not Signed","yes","approved","","","","cuxzxyOrzD1hpuzNGArI","wCDtTQcgyQWXXLWHyDxUW8JLcH23","2026-03-04T21:10:10.000Z","2026-03-04T21:10:10.000Z"
"putnam-fall-2026","NXT Generation Painting, LLC","jasonbo1462@gmail.com","Other","","Account Claimed (No sign-in recorded)","Not Signed In","","Not Signed","yes","approved","","","","rCzayzTCh909qlfyTNgB","kcva6ZIv0zRLNoq74PCWBfZZolU2","2026-03-04T21:09:56.000Z","2026-03-04T21:09:56.000Z"
"putnam-fall-2026","NXT Generation Painting, LLC","nxtgenerationpainting22@gmail.com","Painting","","Account Claimed (No sign-in recorded)","Not Signed In","","Not Signed","yes","approved","","","","pBoVqaZtNYrNlNuqjNOH","tsmgzrGX65hsFh7RunZCsPk4cSz2","2026-03-04T21:10:12.000Z","2026-03-04T21:10:12.000Z"
"putnam-fall-2026","Olympic Air LLC","allison@meetinthemiddle.club","Other","","Account Claimed (No sign-in recorded)","Not Signed In","","Not Signed","yes","approved","","","","oIHf1viNzFjtVZrFksMY","WPY0LoIh29XInDyBgObVhXvdwsI3","2026-03-04T21:10:04.000Z","2026-03-04T21:10:04.000Z"
"putnam-fall-2026","Passanante's Home Food Services","jenna@homefoodservices.com","Other","","Account Claimed (No sign-in recorded)","Not Signed In","","Not Signed","yes","approved","","","","7B8skHo1REXo6bUYoB4h","blxav4fzdherkheL1GYaqLfgTSv2","2026-03-04T21:09:48.000Z","2026-03-04T21:09:48.000Z"
"putnam-fall-2026","Patio Enclosures","shanautica.sales@greatdayimprovements.com","Other","","Account Claimed (No sign-in recorded)","Not Signed In","","Not Signed","yes","approved","","","","eEaNVr3hTJdSp5FFYzWd","KNfxQWok4Khq5e0Xn9KNTf3niA82","2026-03-04T21:09:51.000Z","2026-03-04T21:09:51.000Z"
"putnam-fall-2026","Patriot Contractors, LLC","joe.patriotcontractors@gmail.com","Other","","Account Claimed (No sign-in recorded)","Not Signed In","","Not Signed","yes","approved","","","","xzqwIWBOSJS4BrFWZbis","6iQRDNS1bXNOhFH0CXFAidnV9sH3","2026-03-04T21:09:52.000Z","2026-03-04T21:09:52.000Z"
"putnam-fall-2026","Pella Windows and Doors","events@pelladirect.com","Other","","Account Claimed (No sign-in recorded)","Not Signed In","","Not Signed","yes","approved","","","","EKOpje7z9cRayWYCdbiG","fCW1Ddwjz0YNnIO4XqQGtCWq4Sq2","2026-03-04T21:10:00.000Z","2026-03-04T21:10:00.000Z"
"putnam-fall-2026","PIXL","aloft2@gmail.com","Other","9318815804","Completed","Signed In","Mon, 09 Feb 2026 02:53:26 GMT","Not Signed","yes","approved","","","","r4eLKs5HfU5taP60dsfQ","4U8GhOK905bYrjzswwZuFf19z7A3","2026-03-04T21:10:12.000Z","2026-03-04T21:10:12.000Z"
"putnam-fall-2026","Proper Plumbing","tomb@properplumbing.com","Plumbing","","Account Claimed (No sign-in recorded)","Not Signed In","","Not Signed","yes","approved","","","","pChHjFfJoz20qWb6Xwlt","7SgrmJKVJWaUIA96LkmyDQlniR03","2026-03-04T21:09:58.000Z","2026-03-04T21:09:58.000Z"
"putnam-fall-2026","Putnam County Tree Service","putnamcountytreeservice@yahoo.com","Other","","Account Claimed (No sign-in recorded)","Not Signed In","","Not Signed","yes","approved","","","","1PDmVymwY9GlI5dXJ0BE","Y9i9BDsIeVQJLeuTM0hppT8tqgI3","2026-03-04T21:10:00.000Z","2026-03-04T21:10:00.000Z"
"putnam-fall-2026","Putnam Plumbing","garry@putnamplumbing.com","Other","","Account Claimed (No sign-in recorded)","Not Signed In","","Not Signed","yes","approved","","","","L4R0rTC7xH7VQaX9YAUc","BvooPdSa7fVujB7eoDkeZI9CqGI2","2026-03-04T21:09:56.000Z","2026-03-04T21:09:56.000Z"
"putnam-fall-2026","Renewal by Andersen","dhurlburt@windowsbyrba.com","Windows","","Account Claimed (No sign-in recorded)","Not Signed In","","Not Signed","yes","approved","","","","QBmI8IBRvMrtlqTPsUxa","NCFyuJs46rcHaATU27tJPi8wa6T2","2026-03-04T21:10:09.000Z","2026-03-04T21:10:09.000Z"
"putnam-fall-2026","Renewal by Andersen","nashevents@windowsbyrba.com","Other","","Account Claimed (No sign-in recorded)","Not Signed In","","Not Signed","yes","approved","","","","BBAx9kgNVVTqjOZq9dsM","fOkl9rD508Xnl4bHHktFMbMEUxg1","2026-03-04T21:09:54.000Z","2026-03-04T21:09:54.000Z"
"putnam-fall-2026","Roberts Excavation LLC","robertsexcavationllc@gmail.com","Other","","Invite Sent","Not Signed In","","Not Signed","yes","","sent","included_in_invite","2026-02-22T20:33:49.330Z","R075zt4vjKBqPZllI4Vp","","2026-02-22T20:33:47.000Z","2026-02-22T20:33:47.000Z"
"putnam-fall-2026","Rolling Thunder Carts","admin@rollingthundercarts.com","Other","","Account Claimed (No sign-in recorded)","Not Signed In","","Not Signed","yes","approved","","","","PTZlNvZoPHkYqPYGbSBz","7ebFXqSJdIhengDTr6Mh7wvK0uM2","2026-03-04T21:10:14.000Z","2026-03-04T21:10:14.000Z"
"putnam-fall-2026","SAY HEATING AND COOLING","sayheatingandcooling@gmail.com","Other","","Account Claimed (No sign-in recorded)","Not Signed In","","Not Signed","yes","approved","","","","mWx149eU0UeW5CRImJA7","NNKKzaW2GBOAdsO9RtO4ycjclcs1","2026-03-04T21:09:46.000Z","2026-03-04T21:09:46.000Z"
"putnam-fall-2026","Selk Solutions","amber@selksolutions.com","Other","","Account Claimed (No sign-in recorded)","Not Signed In","","Not Signed","yes","approved","","","","QaiJZVh9UDkLczR10Ivu","aBB5PvM2CRXCfbcoAQkvByJvB5O2","2026-03-04T21:10:11.000Z","2026-03-04T21:10:11.000Z"
"putnam-fall-2026","Southern Showers","events@southernshowers.com","Other","","Account Claimed (No sign-in recorded)","Not Signed In","","Not Signed","yes","approved","","","","PUojCZMkO2pJzNhA7L1c","gGaWKM9ausPakcaKRXxT8Ixez4m1","2026-03-04T21:09:56.000Z","2026-03-04T21:09:56.000Z"
"putnam-fall-2026","Sullivan Walter Homes","carl@sullivanwalter","General Contractor","","Not Started","Not Signed In","","Not Signed","yes","","pending","","","1mGYrxmIikKMgkuWYxit","","2026-02-22T20:44:58.000Z","2026-02-22T20:44:58.000Z"
"putnam-fall-2026","Sullivan Walter Homes","heather@sullivanwalter.com","Other","","Account Claimed (No sign-in recorded)","Not Signed In","","Not Signed","yes","approved","","","","dF9IFyn6lRNoQrHX8xJ3","Ph0KQcFhCTTCpwWmKwNSJp4FJWt1","2026-03-04T21:09:58.000Z","2026-03-04T21:09:58.000Z"
"putnam-fall-2026","SUPERIOR SLEEP","patrice@supsleep.com","Other","","Account Claimed (No sign-in recorded)","Not Signed In","","Not Signed","yes","approved","","","","oehsyKnR78iIeq2zNgx5","OCfDDcE47XPYLfjmp0hJqdVSOfA3","2026-03-04T21:10:01.000Z","2026-03-04T21:10:01.000Z"
"putnam-fall-2026","The Crawlspace Kings","contact@thecrawlspacekings.com","Other","","Account Claimed (No sign-in recorded)","Not Signed In","","Not Signed","yes","approved","","","","t84VxdeeLWsUK9yhrbNO","dLJ4EDcZF2bwwlJRPWr5ZG6iILK2","2026-03-04T21:09:59.000Z","2026-03-04T21:09:59.000Z"
"putnam-fall-2026","T-Mobile","thomas.surratt1@t-mobile.com","Other","","Account Claimed (No sign-in recorded)","Not Signed In","","Not Signed","yes","approved","","","","kftqqKngQ6Jf5e0v3ZYx","oAVTQ8B9mFZFZcNaLdUjHJRLiLT2","2026-03-04T21:09:50.000Z","2026-03-04T21:09:50.000Z"
"putnam-fall-2026","True Metal Supply","shannon@truemetalsupply.com","Other","","Account Claimed (No sign-in recorded)","Not Signed In","","Not Signed","yes","approved","","","","GMuZeNq8hoxe2piPvhnK","hXYkX3YKDPgbTP2RUG5rxJZMWAF2","2026-03-04T21:09:52.000Z","2026-03-04T21:09:52.000Z"
"putnam-fall-2026","TWO MEN AND A TRUCK","jen.christensen@twomen.com","Other","","Account Claimed (No sign-in recorded)","Not Signed In","","Not Signed","yes","approved","","","","EsgPxmmkA24DbO0VdadS","f3fPbRZEAJRVRkZlgMWM0wJsF1g1","2026-03-04T21:10:13.000Z","2026-03-04T21:10:13.000Z"
"putnam-fall-2026","Two Men and a Truck","kevin.christensen@twomen.com","Other","","Account Claimed (No sign-in recorded)","Not Signed In","","Not Signed","yes","approved","","","","sVKkd9vCp5iKt92RDSnK","gicP2IFY3jYESRkAEHTWyVPvj8x1","2026-03-04T21:09:47.000Z","2026-03-04T21:09:47.000Z"
"putnam-fall-2026","United Structural Systems (USS)","marketing@stabledry.com","Other","","Account Claimed (No sign-in recorded)","Not Signed In","","Not Signed","yes","approved","","","","TUmIhFBh1v6582071W19","WWBjAbdArRPHfzV6syAd2lZD3g92","2026-03-04T21:09:54.000Z","2026-03-04T21:09:54.000Z"
"putnam-fall-2026","Upper Cumberaland Cabinetry","design@uccabinetry.com","Cabinets","","Completed","Signed In","Sun, 22 Feb 2026 21:04:08 GMT","Not Signed","yes","","claimed","included_in_invite","2026-02-22T20:31:06.320Z","eUfu1utI0BgOhzey17ID","SymfqtHkGecW4fP6LwmZQKnWjgG2","2026-02-22T20:31:04.000Z","2026-02-22T21:04:15.000Z"
"putnam-fall-2026","Upper Cumberland Generators","amy@uppercumberlandgenerators.com","Other","","Account Claimed (No sign-in recorded)","Not Signed In","","Not Signed","yes","approved","","","","D4Jw0BYq6pkUtpaof79i","2qsj1ehpVPb15rFbKPGTDs795qG3","2026-03-04T21:09:52.000Z","2026-03-04T21:09:52.000Z"
"putnam-fall-2026","Upper Cumberland Remodeling LLC","dunn2676@gmail.com","Other","","Account Claimed (No sign-in recorded)","Not Signed In","","Not Signed","yes","approved","","","","PqnYTWP0yMeOuAaMJcWp","SDtUkeu19nQgbbJZKwFtetAo05D2","2026-03-04T21:09:55.000Z","2026-03-04T21:09:55.000Z"
"putnam-fall-2026","USA Granite","deshaun@theusagranite.com","Other","","Invite Sent","Not Signed In","","Not Signed","yes","","sent","included_in_invite","2026-02-22T20:39:30.829Z","ugqc8a9mM2I0qYyTAwSe","","2026-02-22T20:39:28.000Z","2026-02-22T20:39:28.000Z"
"putnam-fall-2026","Willow Window","931window1@gmail.com","Other","","Account Claimed (No sign-in recorded)","Not Signed In","","Not Signed","yes","approved","","","","bkfjAIKDhRQdImgvWTdh","J1OMJYjaKzUYS5zid4M4YuCO63i1","2026-03-04T21:10:08.000Z","2026-03-04T21:10:08.000Z"
"putnam-fall-2026","Wilson Bank & Trust","events@wilsonbank.com","Other","","Account Claimed (No sign-in recorded)","Not Signed In","","Not Signed","yes","approved","","","","3HpwcBxa88FhfUTfcTRh","tqqeeS6ftdgficLyZMmlZPppYT53","2026-03-04T21:10:08.000Z","2026-03-04T21:10:08.000Z"
"putnam-fall-2026","Window Depot & Bath Team","ashlyn.windowdepot@gmail.com","Other","","Account Claimed (No sign-in recorded)","Not Signed In","","Not Signed","yes","approved","","","","gjs0IiT2TAY1fxxWBzv8","gpkv8dL5tMb9agVYis3OCVEtJGG2","2026-03-04T21:09:58.000Z","2026-03-04T21:09:58.000Z"
"putnam-fall-2026","Window Nation","bredding@windownation.com","Other","","Account Claimed (No sign-in recorded)","Not Signed In","","Not Signed","yes","approved","","","","7NjVcgTcuqGNGza6Gwyt","cyrTtusECYWcUYJp5DJZkVAxF5i2","2026-03-04T21:10:09.000Z","2026-03-04T21:10:09.000Z"
"putnam-fall-2026","Windows & Doors of Nashville","jhudgens@pelladirect.com","Windows","","Account Claimed (No sign-in recorded)","Not Signed In","","Not Signed","yes","approved","","","","V6t4Zo0n7nc4AXtsfyyc","qzTnab7xr0ZV1qtFeLdWo84evPy2","2026-03-04T21:10:13.000Z","2026-03-04T21:10:13.000Z"
