vendorId,name,email,category,contactPhone,approved,status,contractSigned,inviteStatus,passwordResetStatus,latestResetSentAt,ownerUid,authLastSignInTime,createdAt,updatedAt
10PckUQMzpxdsTszeDB9,A Cut Above Roofing LLC,acutaboveroofing@gmail.com,Roofing,,yes,approved,no,,,,VorTAckfiha30wBmgEOveqtoLnz2,,2026-03-04T21:10:14.000Z,2026-03-04T21:10:14.000Z
fiq6Km1gVHtA9kmpywwM,All American Mattress LLC,derrick@allamericanmattress.com,Other,,yes,approved,no,,,,loB9tYWEJHhgDQzWJFCot8I3IrU2,,2026-03-04T21:10:03.000Z,2026-03-04T21:10:03.000Z
iapbuC9Jfmht5RmhW69D,Allen's Land Development,allenslanddevelopment@gmail.com,Other,,yes,,no,claimed,included_in_invite,2026-02-22T20:41:24.540Z,uO77ztA2uFWC2IetlMyjHn8bpmT2,"Sun, 22 Feb 2026 20:48:13 GMT",2026-02-22T20:41:22.000Z,2026-02-22T20:48:19.000Z
xZOl6TqY8G8SQ2jbe7Hp,America's Home Place,jbrezeale@americashomeplace.com,Other,,yes,approved,no,,,,OWg2sqi1YLR3V3h4RGfHuY9qh6y2,,2026-03-04T21:10:02.000Z,2026-03-04T21:10:02.000Z
6EriGMG81lmmVLx69j37,American Home,gayle.edmiston@yahoo.com,Other,,yes,approved,no,,,,qXdhessOnXTuvSL2yPtEUQtlLqT2,,2026-03-04T21:10:13.000Z,2026-03-04T21:10:13.000Z
kwEEdA2M6mYyhloucqmP,American Home Design,mgoodchild@americanhomedesign.com,Other,,yes,approved,no,,,,Rga5uDEEi4eigDQ6sWxm5zyw02H2,,2026-03-04T21:10:10.000Z,2026-03-04T21:10:10.000Z
p2EhDXAEnyjHBBDegqQN,Aqua Pools,sales@aquapoolsllc.com,Pools & Spas,,yes,approved,no,,,,oi84xslzJgXN5qgdL84iFdd1ynZ2,,2026-03-04T21:10:07.000Z,2026-03-04T21:10:07.000Z
QkxWix0knItN4X2NqqGi,Axen Realty,canglin@axenrealty.com,Other,,yes,approved,no,,,,qsMBAhnV1CWibEo2tl3Z5fbT97E2,,2026-03-04T21:10:05.000Z,2026-03-04T21:10:05.000Z
U1jVucY8fZTbMQGKfC9G,B&H Storm Shelters,b&hshelters@yahoo.com,Other,,yes,approved,no,,,,QCaJUdkgMPNinTgtDCTKugVHLAH2,,2026-03-04T21:10:03.000Z,2026-03-04T21:10:03.000Z
kBZSgtdsWUdwvyiJBYyy,B&H Storm Shelters,bandhshelters@yahoo.com,Other,,yes,approved,no,,,,MER9Gb5KFRZbofS3tXVQSs8Mc602,,2026-03-04T21:10:01.000Z,2026-03-04T21:10:01.000Z
xVAMMzEzmPqSGP3Fl0vM,Barrier Waterproofing,barrieroftn@gmail.com,Other,,yes,approved,no,,,,DXrdLJK6UvZqCoy1iDQ8N8OOyPM2,,2026-03-04T21:09:47.000Z,2026-03-04T21:09:47.000Z
PqJCodo4bAbnDuH7pgvi,Bath Fitter,marshellia.johnson@bathfitter.com,Other,,yes,approved,no,,,,UWO9utyN0NZBVbUWBPlbMHdlWQr2,,2026-03-04T21:09:57.000Z,2026-03-04T21:09:57.000Z
l391bb7mVmpMkMfCTCi1,Beautiful Homes and Decks,curbappealoftn@gmail.com,Other,,yes,approved,no,,,,xU29nmQA62bGiSMkIjqbpfR7AxI2,,2026-03-04T21:10:15.000Z,2026-03-04T21:10:15.000Z
p7QR35JAl9MSPImvtxUN,Bruck Contractors LLC,zeke@bruckcontractors.com,Other,,yes,approved,no,,,,RlPhavbt3MNrRXciRFJYK4575Q52,"Mon, 23 Feb 2026 00:02:26 GMT",2026-03-04T21:10:07.000Z,2026-03-04T21:10:07.000Z
qnJYWueIyEzIOgbCgBSq,Budget Blinds,jwilliams@budgetblinds.com,Other,,yes,approved,no,,,,YwrxucHTJjRFzl1Puq01Xrle4KO2,,2026-03-04T21:09:53.000Z,2026-03-04T21:09:53.000Z
OOfFb7ejltG1xWeTkQLA,C & W Mechanical,lisa@cwmechanicalservices.com,HVAC,,yes,,yes,claimed,included_in_invite,2026-02-22T22:02:15.579Z,pMVjtTEiQIPl8fVexPcPOmBfUNQ2,"Wed, 04 Mar 2026 20:51:15 GMT",2026-02-22T22:02:12.000Z,2026-03-04T20:52:04.000Z
6z0JtFmWHCtI6bn0RGc9,Campbell Pest Solutions,russell@campbellpestsolutions.com,Other,,yes,approved,no,,,,zdoeJpko55N50v4vekdb6XXUyYG3,,2026-03-04T21:10:12.000Z,2026-03-04T21:10:12.000Z
BHXyekSJIXfBUcBQ2K7W,Cana Event Backdrops,canaeventbackdrops@gmail.com,Other,,yes,approved,no,,,,iP58RHiUwsY5ajiXyVJ07WXTPE13,,2026-03-04T21:10:04.000Z,2026-03-04T21:10:04.000Z
a3P2mhwzw0GsLPUI6sG8,Clinic Shape,nathaliaskincare@gmail.com,Other,,yes,approved,no,,,,eZ6ua7HAb1VMAm38fD8oDcxm50z1,,2026-03-04T21:10:02.000Z,2026-03-04T21:10:02.000Z
VWvMmLmIZzSTSEkrlsoa,Craft Body Scan,rick@crafthealth.com,Other,,yes,approved,no,,,,swPxpz2wUwSw5Q8ln9fxGr8SmI23,,2026-03-04T21:10:09.000Z,2026-03-04T21:10:09.000Z
VOjMCy3ZALh6BsWaP1eR,Creative Log Cabins,vwinneccs@gmail.com,Other,,yes,approved,no,,,,yz8KqtkYyQTLI9rZtfOpuhwGQSt2,,2026-03-04T21:09:57.000Z,2026-03-04T21:09:57.000Z
R3rZqnqOC8AiGqFSsbyv,Cumberland Cleaning,nick@cumberlandcleaning.com,Home Cleaning,(931) 520-8651,yes,approved,no,,,,jsxyon2XlvPE1TtiV7G3SK0EsIE3,"Thu, 12 Feb 2026 20:11:34 GMT",2026-03-04T21:09:59.000Z,2026-03-04T21:09:59.000Z
opE0l6qV16LSBLGQzsEE,Custom Bath & Shower,pat@custombathandshower.com,Other,,yes,approved,no,,,,Gwo5vjTIHHX8YTjrJkQ5IiJ7XEh2,,2026-03-04T21:10:08.000Z,2026-03-04T21:10:08.000Z
FQoZSsrkHQHs74xcrKjU,CUTCO,jcoley22@gmail.com,Other,,yes,,no,sent,included_in_invite,2026-02-22T20:28:45.815Z,,,2026-02-22T20:28:42.000Z,2026-02-22T20:28:42.000Z
0K3RoQUHwLIHda7brbNP,CXT,twoodward@lbfoster.com,Concrete,,yes,,no,sent,included_in_invite,2026-02-22T20:43:08.993Z,,,2026-02-22T20:43:07.000Z,2026-02-22T20:43:07.000Z
jAFMXaOXOuSr4ZxTzFN3,Erie Home,erieevents@leafhome.com,Other,,yes,approved,no,,,,SkFuyga5aegQTIVDziVousi2Vs73,,2026-03-04T21:10:15.000Z,2026-03-04T21:10:15.000Z
1tOa6oGwJigoZ7rGXDQu,FLOWSHIELD GUTTER PROTECTION,rob@tnshield.com,Other,,yes,approved,no,,,,PX1C3FJ7p2hYwxCgUzX2MD9WWiQ2,,2026-03-04T21:10:11.000Z,2026-03-04T21:10:11.000Z
jzVFka9cNsAtF2GWvbX2,Flynn Development,jaden@flynndevelopment.co,General Contractor,(931) 510-6147,yes,approved,no,,,,yJ79SYrdWvgv9pUdPQpRgUERvdu2,,2026-03-04T21:09:54.000Z,2026-03-04T21:09:54.000Z
CJIuF6RBgGZUrg84ox81,Garage Force of Nashville,wwatson@garageforce.com,Other,,yes,approved,no,,,,viRLkY922IN124zaWItG5NoAOhY2,,2026-03-04T21:10:05.000Z,2026-03-04T21:10:05.000Z
o6jmD5QraLIH244vccfD,H20 Waterbiz southeast LLC,dennis@h20waterbiz.com,Other,,yes,approved,no,,,,iq9QeBBNqIVl88wE0yEshC3CPOw2,,2026-03-04T21:09:47.000Z,2026-03-04T21:09:47.000Z
CU7zG6xUSNcJGPmEaSRV,Historic Granville,granvilletnoffice@gmail.com,Other,,yes,approved,no,,,,OwQGkM1rnAU2JzW77OvIVjtIUjJ2,,2026-03-04T21:10:00.000Z,2026-03-04T21:10:00.000Z
4fqDUe1CWTRQ2Tj5hMHL,Home Stretch,james.blair@home-stretch.com,Other,,yes,approved,no,,,,U2hBtFGs9hWiFWK5zUs6iCp8QuQ2,,2026-03-04T21:10:06.000Z,2026-03-04T21:10:06.000Z
JfTdpxeD220Dfed9GQNQ,Improveit Home Remodeling,glayton@improveitusa.com,Remodeling,,yes,approved,no,,,,gCRIb0xb4EWiAHXRdkU4JWuLVar2,,2026-03-04T21:09:51.000Z,2026-03-04T21:09:51.000Z
oUfd0P0AghiOBPZe04Ig,Improveit Home Remodeling,ihrshowmanager@improveitusa.com,Other,,yes,approved,no,,,,smcgvdP9ptekmCiNaOzFHkrtr6e2,,2026-03-04T21:10:06.000Z,2026-03-04T21:10:06.000Z
W7gfihYB3NnxIizZg562,Innovative Home Services,moriah@irtn.co,Other,,yes,approved,no,,,,kPBZCXjfh2fmM5orzdGD069ceh93,,2026-03-04T21:10:05.000Z,2026-03-04T21:10:05.000Z
gPhaHvV7j7mzOfrmY4w2,Integrity Metal Sales & Lumber,ims@ibyfax.com,Other,,yes,approved,no,,,,sKGBLNF0vsedGqMF0wg8Qs3fIya2,,2026-03-04T21:09:50.000Z,2026-03-04T21:09:50.000Z
AwfHLGpWRpew42C7w0EO,Karen’s Cleaning,kpresley1@gmail.com,Other,,yes,approved,no,,,,JrrGAjTKRhWquJqnjmWes2OCxXD3,,2026-03-04T21:10:02.000Z,2026-03-04T21:10:02.000Z
WvBR2yCFJPYY71SSTV8h,LeafFilter Gutter Protection,events@leaffilter.com,Other,,yes,approved,no,,,,pyd6jNmgyJYBYTCZR5KBgg1bctt2,,2026-03-04T21:10:07.000Z,2026-03-04T21:10:07.000Z
txuZ4Cgb1MWCX9bpXR6Y,Leafguard,kschwarz@leafguard.com,Other,,yes,approved,no,,,,LYNiBAwWu6NVH1QNyCnZujadFnh2,,2026-03-04T21:10:10.000Z,2026-03-04T21:10:10.000Z
J63gUL0DRknWbyjwOGDv,LeafHome Bath,natalie.bloomer@leafhome.com,Other,,yes,approved,no,,,,lo5BNSQ349SNe1hvWoMCvwnsiaV2,,2026-03-04T21:09:48.000Z,2026-03-04T21:09:48.000Z
NDjwJmneudwIF6AVDUsa,LeafX of TN,tjholland1.th@gmail.com,Other,,yes,approved,no,,,,zFqE8hTHongoOrpsaGpE3PenYBR2,,2026-03-04T21:10:03.000Z,2026-03-04T21:10:03.000Z
aW0r2sk1xyBtS2Vlg6Ps,Middle Tennessee Cleaners,mike@middletennesseecleaners.com,Other,,yes,approved,no,,,,1P1JKqgoBshv81bZA3cRWgPpPFs1,,2026-03-04T21:09:49.000Z,2026-03-04T21:09:49.000Z
aCMPWWUX88IzSWEU6hbv,Middle Tennessee Metals,houseofkna@gmail.com,General Contractor,9318815804,yes,approved,no,,,,gTos6cVysDf82EaA4nE4CmbY7oF2,"Thu, 12 Feb 2026 00:56:12 GMT",2026-03-04T21:09:46.000Z,2026-03-04T21:09:46.000Z
cuxzxyOrzD1hpuzNGArI,Modern Development,jaden@moderndevelopment.co,Other,,yes,approved,no,,,,wCDtTQcgyQWXXLWHyDxUW8JLcH23,,2026-03-04T21:10:10.000Z,2026-03-04T21:10:10.000Z
rCzayzTCh909qlfyTNgB,"NXT Generation Painting, LLC",jasonbo1462@gmail.com,Other,,yes,approved,no,,,,kcva6ZIv0zRLNoq74PCWBfZZolU2,,2026-03-04T21:09:56.000Z,2026-03-04T21:09:56.000Z
pBoVqaZtNYrNlNuqjNOH,"NXT Generation Painting, LLC",nxtgenerationpainting22@gmail.com,Painting,,yes,approved,no,,,,tsmgzrGX65hsFh7RunZCsPk4cSz2,,2026-03-04T21:10:12.000Z,2026-03-04T21:10:12.000Z
oIHf1viNzFjtVZrFksMY,Olympic Air LLC,allison@meetinthemiddle.club,Other,,yes,approved,no,,,,WPY0LoIh29XInDyBgObVhXvdwsI3,,2026-03-04T21:10:04.000Z,2026-03-04T21:10:04.000Z
7B8skHo1REXo6bUYoB4h,Passanante's Home Food Services,jenna@homefoodservices.com,Other,,yes,approved,no,,,,blxav4fzdherkheL1GYaqLfgTSv2,,2026-03-04T21:09:48.000Z,2026-03-04T21:09:48.000Z
eEaNVr3hTJdSp5FFYzWd,Patio Enclosures,shanautica.sales@greatdayimprovements.com,Other,,yes,approved,no,,,,KNfxQWok4Khq5e0Xn9KNTf3niA82,,2026-03-04T21:09:51.000Z,2026-03-04T21:09:51.000Z
xzqwIWBOSJS4BrFWZbis,"Patriot Contractors, LLC",joe.patriotcontractors@gmail.com,Other,,yes,approved,no,,,,6iQRDNS1bXNOhFH0CXFAidnV9sH3,,2026-03-04T21:09:52.000Z,2026-03-04T21:09:52.000Z
EKOpje7z9cRayWYCdbiG,Pella Windows and Doors,events@pelladirect.com,Other,,yes,approved,no,,,,fCW1Ddwjz0YNnIO4XqQGtCWq4Sq2,,2026-03-04T21:10:00.000Z,2026-03-04T21:10:00.000Z
r4eLKs5HfU5taP60dsfQ,PIXL,aloft2@gmail.com,Other,9318815804,yes,approved,no,,,,4U8GhOK905bYrjzswwZuFf19z7A3,"Mon, 09 Feb 2026 02:53:26 GMT",2026-03-04T21:10:12.000Z,2026-03-04T21:10:12.000Z
pChHjFfJoz20qWb6Xwlt,Proper Plumbing,tomb@properplumbing.com,Plumbing,,yes,approved,no,,,,7SgrmJKVJWaUIA96LkmyDQlniR03,,2026-03-04T21:09:58.000Z,2026-03-04T21:09:58.000Z
1PDmVymwY9GlI5dXJ0BE,Putnam County Tree Service,putnamcountytreeservice@yahoo.com,Other,,yes,approved,no,,,,Y9i9BDsIeVQJLeuTM0hppT8tqgI3,,2026-03-04T21:10:00.000Z,2026-03-04T21:10:00.000Z
L4R0rTC7xH7VQaX9YAUc,Putnam Plumbing,garry@putnamplumbing.com,Other,,yes,approved,no,,,,BvooPdSa7fVujB7eoDkeZI9CqGI2,,2026-03-04T21:09:56.000Z,2026-03-04T21:09:56.000Z
QBmI8IBRvMrtlqTPsUxa,Renewal by Andersen,dhurlburt@windowsbyrba.com,Windows,,yes,approved,no,,,,NCFyuJs46rcHaATU27tJPi8wa6T2,,2026-03-04T21:10:09.000Z,2026-03-04T21:10:09.000Z
BBAx9kgNVVTqjOZq9dsM,Renewal by Andersen,nashevents@windowsbyrba.com,Other,,yes,approved,no,,,,fOkl9rD508Xnl4bHHktFMbMEUxg1,,2026-03-04T21:09:54.000Z,2026-03-04T21:09:54.000Z
R075zt4vjKBqPZllI4Vp,Roberts Excavation LLC,robertsexcavationllc@gmail.com,Other,,yes,,no,sent,included_in_invite,2026-02-22T20:33:49.330Z,,,2026-02-22T20:33:47.000Z,2026-02-22T20:33:47.000Z
PTZlNvZoPHkYqPYGbSBz,Rolling Thunder Carts,admin@rollingthundercarts.com,Other,,yes,approved,no,,,,7ebFXqSJdIhengDTr6Mh7wvK0uM2,,2026-03-04T21:10:14.000Z,2026-03-04T21:10:14.000Z
mWx149eU0UeW5CRImJA7,SAY HEATING AND COOLING,sayheatingandcooling@gmail.com,Other,,yes,approved,no,,,,NNKKzaW2GBOAdsO9RtO4ycjclcs1,,2026-03-04T21:09:46.000Z,2026-03-04T21:09:46.000Z
QaiJZVh9UDkLczR10Ivu,Selk Solutions,amber@selksolutions.com,Other,,yes,approved,no,,,,aBB5PvM2CRXCfbcoAQkvByJvB5O2,,2026-03-04T21:10:11.000Z,2026-03-04T21:10:11.000Z
PUojCZMkO2pJzNhA7L1c,Southern Showers,events@southernshowers.com,Other,,yes,approved,no,,,,gGaWKM9ausPakcaKRXxT8Ixez4m1,,2026-03-04T21:09:56.000Z,2026-03-04T21:09:56.000Z
1mGYrxmIikKMgkuWYxit,Sullivan Walter Homes,carl@sullivanwalter,General Contractor,,yes,,no,pending,,,,,2026-02-22T20:44:58.000Z,2026-02-22T20:44:58.000Z
dF9IFyn6lRNoQrHX8xJ3,Sullivan Walter Homes,heather@sullivanwalter.com,Other,,yes,approved,no,,,,Ph0KQcFhCTTCpwWmKwNSJp4FJWt1,,2026-03-04T21:09:58.000Z,2026-03-04T21:09:58.000Z
oehsyKnR78iIeq2zNgx5,SUPERIOR SLEEP,patrice@supsleep.com,Other,,yes,approved,no,,,,OCfDDcE47XPYLfjmp0hJqdVSOfA3,,2026-03-04T21:10:01.000Z,2026-03-04T21:10:01.000Z
kftqqKngQ6Jf5e0v3ZYx,T-Mobile,thomas.surratt1@t-mobile.com,Other,,yes,approved,no,,,,oAVTQ8B9mFZFZcNaLdUjHJRLiLT2,,2026-03-04T21:09:50.000Z,2026-03-04T21:09:50.000Z
t84VxdeeLWsUK9yhrbNO,The Crawlspace Kings,contact@thecrawlspacekings.com,Other,,yes,approved,no,,,,dLJ4EDcZF2bwwlJRPWr5ZG6iILK2,,2026-03-04T21:09:59.000Z,2026-03-04T21:09:59.000Z
GMuZeNq8hoxe2piPvhnK,True Metal Supply,shannon@truemetalsupply.com,Other,,yes,approved,no,,,,hXYkX3YKDPgbTP2RUG5rxJZMWAF2,,2026-03-04T21:09:52.000Z,2026-03-04T21:09:52.000Z
sVKkd9vCp5iKt92RDSnK,Two Men and a Truck,kevin.christensen@twomen.com,Other,,yes,approved,no,,,,gicP2IFY3jYESRkAEHTWyVPvj8x1,,2026-03-04T21:09:47.000Z,2026-03-04T21:09:47.000Z
EsgPxmmkA24DbO0VdadS,TWO MEN AND A TRUCK,jen.christensen@twomen.com,Other,,yes,approved,no,,,,f3fPbRZEAJRVRkZlgMWM0wJsF1g1,,2026-03-04T21:10:13.000Z,2026-03-04T21:10:13.000Z
TUmIhFBh1v6582071W19,United Structural Systems (USS),marketing@stabledry.com,Other,,yes,approved,no,,,,WWBjAbdArRPHfzV6syAd2lZD3g92,,2026-03-04T21:09:54.000Z,2026-03-04T21:09:54.000Z
eUfu1utI0BgOhzey17ID,Upper Cumberaland Cabinetry,design@uccabinetry.com,Cabinets,,yes,,no,claimed,included_in_invite,2026-02-22T20:31:06.320Z,SymfqtHkGecW4fP6LwmZQKnWjgG2,"Sun, 22 Feb 2026 21:04:08 GMT",2026-02-22T20:31:04.000Z,2026-02-22T21:04:15.000Z
D4Jw0BYq6pkUtpaof79i,Upper Cumberland Generators,amy@uppercumberlandgenerators.com,Other,,yes,approved,no,,,,2qsj1ehpVPb15rFbKPGTDs795qG3,,2026-03-04T21:09:52.000Z,2026-03-04T21:09:52.000Z
PqnYTWP0yMeOuAaMJcWp,Upper Cumberland Remodeling LLC,dunn2676@gmail.com,Other,,yes,approved,no,,,,SDtUkeu19nQgbbJZKwFtetAo05D2,,2026-03-04T21:09:55.000Z,2026-03-04T21:09:55.000Z
ugqc8a9mM2I0qYyTAwSe,USA Granite,deshaun@theusagranite.com,Other,,yes,,no,sent,included_in_invite,2026-02-22T20:39:30.829Z,,,2026-02-22T20:39:28.000Z,2026-02-22T20:39:28.000Z
bkfjAIKDhRQdImgvWTdh,Willow Window,931window1@gmail.com,Other,,yes,approved,no,,,,J1OMJYjaKzUYS5zid4M4YuCO63i1,,2026-03-04T21:10:08.000Z,2026-03-04T21:10:08.000Z
3HpwcBxa88FhfUTfcTRh,Wilson Bank & Trust,events@wilsonbank.com,Other,,yes,approved,no,,,,tqqeeS6ftdgficLyZMmlZPppYT53,,2026-03-04T21:10:08.000Z,2026-03-04T21:10:08.000Z
gjs0IiT2TAY1fxxWBzv8,Window Depot & Bath Team,ashlyn.windowdepot@gmail.com,Other,,yes,approved,no,,,,gpkv8dL5tMb9agVYis3OCVEtJGG2,,2026-03-04T21:09:58.000Z,2026-03-04T21:09:58.000Z
7NjVcgTcuqGNGza6Gwyt,Window Nation,bredding@windownation.com,Other,,yes,approved,no,,,,cyrTtusECYWcUYJp5DJZkVAxF5i2,,2026-03-04T21:10:09.000Z,2026-03-04T21:10:09.000Z
V6t4Zo0n7nc4AXtsfyyc,Windows & Doors of Nashville,jhudgens@pelladirect.com,Windows,,yes,approved,no,,,,qzTnab7xr0ZV1qtFeLdWo84evPy2,,2026-03-04T21:10:13.000Z,2026-03-04T21:10:13.000Z
