id,name,email,showId,oldCategory,newCategory,reason,createdAt,updatedAt
0KN6K4hZ7j5MZNQ2lJBS,SAY HEATING AND COOLING,sayheatingandcooling@gmail.com,putnam-spring-2026,Other,HVAC,email-override,2026-03-04T17:37:05.000Z,2026-03-04T17:53:32.000Z
0m8EPoXbR5Ggo73qe9JT,Two Men and a Truck,kevin.christensen@twomen.com,putnam-spring-2026,Other,General Contractor,email-override,2026-03-04T17:37:19.000Z,2026-03-04T17:37:19.000Z
1PDmVymwY9GlI5dXJ0BE,Putnam County Tree Service,putnamcountytreeservice@yahoo.com,putnam-fall-2026,Other,Landscaping,email-override,2026-03-04T21:10:00.000Z,2026-03-04T21:10:00.000Z
1Yc1z3pkIV5czgUpyPCh,Barrier Waterproofing,barrieroftn@gmail.com,putnam-spring-2026,Other,Insulation,email-override,2026-02-22T21:04:56.000Z,2026-03-04T17:48:26.000Z
1tOa6oGwJigoZ7rGXDQu,FLOWSHIELD GUTTER PROTECTION,rob@tnshield.com,putnam-fall-2026,Other,Gutters,email-override,2026-03-04T21:10:11.000Z,2026-03-04T21:10:11.000Z
2WWObrzOgRIcYNmwyMqa,H20 Waterbiz southeast LLC,dennis@h20waterbiz.com,putnam-spring-2026,Other,Water Treatment,email-override,2026-03-04T17:36:22.000Z,2026-03-04T17:51:32.000Z
2aNyvJ8sSf8FjrSZShp0,Passanante's Home Food Services,jenna@homefoodservices.com,putnam-spring-2026,Other,Kitchen,email-override,2026-03-04T17:36:49.000Z,2026-03-04T17:52:57.000Z
35AvWHIRgCbwZwfLyWdw,LeafHome Bath,natalie.bloomer@leafhome.com,putnam-spring-2026,Other,Bath,email-override,2026-02-22T21:45:03.000Z,
3BBxMRqHturfaui2sXBU,Middle Tennessee Cleaners,mike@middletennesseecleaners.com,putnam-spring-2026,Other,Home Cleaning,email-override,2026-03-04T17:36:41.000Z,2026-03-04T17:51:51.000Z
3HpwcBxa88FhfUTfcTRh,Wilson Bank & Trust,events@wilsonbank.com,putnam-fall-2026,Other,Mortgage,email-override,2026-03-04T21:10:08.000Z,2026-03-04T21:10:08.000Z
3uKLJzUmLGd1eixPSwkj,T-Mobile,thomas.surratt1@t-mobile.com,putnam-spring-2026,Other,Smart Home,email-override,2026-03-04T17:37:15.000Z,2026-03-04T17:37:15.000Z
4EqMFW6V5MUFCxj6p8To,Integrity Metal Sales & Lumber,ims@ibyfax.com,putnam-spring-2026,Other,Roofing,email-override,2026-03-04T17:36:31.000Z,2026-03-04T17:51:41.000Z
4fqDUe1CWTRQ2Tj5hMHL,Home Stretch,james.blair@home-stretch.com,putnam-fall-2026,Other,General Contractor,email-override,2026-03-04T21:10:06.000Z,2026-03-04T21:10:06.000Z
6EriGMG81lmmVLx69j37,American Home,gayle.edmiston@yahoo.com,putnam-fall-2026,Other,General Contractor,email-override,2026-03-04T21:10:13.000Z,2026-03-04T21:10:13.000Z
6KQuSbF6SiiosCnc7AO1,Patio Enclosures,shanautica.sales@greatdayimprovements.com,putnam-spring-2026,Other,Decks & Patios,email-override,2026-03-04T17:36:51.000Z,2026-03-04T17:53:18.000Z
6z0JtFmWHCtI6bn0RGc9,Campbell Pest Solutions,russell@campbellpestsolutions.com,putnam-fall-2026,Other,Pest Control,email-override,2026-03-04T21:10:12.000Z,2026-03-04T21:10:12.000Z
7B8skHo1REXo6bUYoB4h,Passanante's Home Food Services,jenna@homefoodservices.com,putnam-fall-2026,Other,Kitchen,email-override,2026-03-04T21:09:48.000Z,2026-03-04T21:09:48.000Z
7NjVcgTcuqGNGza6Gwyt,Window Nation,bredding@windownation.com,putnam-fall-2026,Other,Windows,email-override,2026-03-04T21:10:09.000Z,2026-03-04T21:10:09.000Z
8v9BK0af4uU5nDJUvUUq,Upper Cumberland Generators,amy@uppercumberlandgenerators.com,putnam-spring-2026,Other,Electrical,email-override,2026-02-22T22:16:01.000Z,
9uvpD8REijb5jchdqrLk,"Patriot Contractors, LLC",joe.patriotcontractors@gmail.com,putnam-spring-2026,Other,General Contractor,email-override,2026-03-04T17:36:52.000Z,2026-03-04T17:53:20.000Z
AwfHLGpWRpew42C7w0EO,Karen’s Cleaning,kpresley1@gmail.com,putnam-fall-2026,Other,Home Cleaning,email-override,2026-03-04T21:10:02.000Z,2026-03-04T21:10:02.000Z
BBAx9kgNVVTqjOZq9dsM,Renewal by Andersen,nashevents@windowsbyrba.com,putnam-fall-2026,Other,Windows,email-override,2026-03-04T21:09:54.000Z,2026-03-04T21:09:54.000Z
BHXyekSJIXfBUcBQ2K7W,Cana Event Backdrops,canaeventbackdrops@gmail.com,putnam-fall-2026,Other,Interior Design,email-override,2026-03-04T21:10:04.000Z,2026-03-04T21:10:04.000Z
BhDy1dRhg9YFDQh9atBk,True Metal Supply,shannon@truemetalsupply.com,putnam-spring-2026,Other,Roofing,email-override,2026-03-04T17:37:17.000Z,2026-03-04T17:37:17.000Z
CJIuF6RBgGZUrg84ox81,Garage Force of Nashville,wwatson@garageforce.com,putnam-fall-2026,Other,Garage,email-override,2026-03-04T21:10:05.000Z,2026-03-04T21:10:05.000Z
CU7zG6xUSNcJGPmEaSRV,Historic Granville,granvilletnoffice@gmail.com,putnam-fall-2026,Other,Home Improvement,email-override,2026-03-04T21:10:00.000Z,2026-03-04T21:10:00.000Z
CcLdHNHiYiwNfbhfo1BH,Budget Blinds,jwilliams@budgetblinds.com,putnam-spring-2026,Other,Windows,email-override,2026-02-22T22:07:20.000Z,
D4Jw0BYq6pkUtpaof79i,Upper Cumberland Generators,amy@uppercumberlandgenerators.com,putnam-fall-2026,Other,Electrical,email-override,2026-03-04T21:09:52.000Z,2026-03-04T21:09:52.000Z
DhPBN57AYgprKYN29Kas,United Structural Systems (USS),marketing@stabledry.com,putnam-spring-2026,Other,Insulation,email-override,2026-03-04T17:37:25.000Z,2026-03-04T17:37:25.000Z
EKOpje7z9cRayWYCdbiG,Pella Windows and Doors,events@pelladirect.com,putnam-fall-2026,Other,Windows,email-override,2026-03-04T21:10:00.000Z,2026-03-04T21:10:00.000Z
EsgPxmmkA24DbO0VdadS,TWO MEN AND A TRUCK,jen.christensen@twomen.com,putnam-fall-2026,Other,General Contractor,email-override,2026-03-04T21:10:13.000Z,2026-03-04T21:10:13.000Z
FDtHlbDubGta5VukMK0I,Renewal by Andersen,nashevents@windowsbyrba.com,putnam-spring-2026,Other,Windows,email-override,2026-03-04T17:37:00.000Z,2026-03-04T17:53:27.000Z
FQoZSsrkHQHs74xcrKjU,CUTCO,jcoley22@gmail.com,putnam-fall-2026,Other,Kitchen,email-override,2026-02-22T20:28:42.000Z,
GMuZeNq8hoxe2piPvhnK,True Metal Supply,shannon@truemetalsupply.com,putnam-fall-2026,Other,Roofing,email-override,2026-03-04T21:09:52.000Z,2026-03-04T21:09:52.000Z
Gyb5trl5g1JbxEI6wi55,Upper Cumberland Remodeling LLC,dunn2676@gmail.com,putnam-spring-2026,Other,Remodeling,email-override,2026-03-04T17:37:30.000Z,2026-03-04T17:37:30.000Z
H3YFJemEIaUb4R0JFFUN,Southern Showers,events@southernshowers.com,putnam-spring-2026,Other,Bath,email-override,2026-03-04T17:37:08.000Z,2026-03-04T17:53:36.000Z
HciFosSqcQttkzWLDdaj,Putnam Plumbing,garry@putnamplumbing.com,putnam-spring-2026,Other,Plumbing,email-override,2026-03-04T17:36:58.000Z,2026-03-04T17:53:25.000Z
HdTSX4zTnZWTyK8lRcbN,"NXT Generation Painting, LLC",jasonbo1462@gmail.com,putnam-spring-2026,Other,Painting,email-override,2026-03-04T17:36:45.000Z,2026-03-04T17:52:18.000Z
J63gUL0DRknWbyjwOGDv,LeafHome Bath,natalie.bloomer@leafhome.com,putnam-fall-2026,Other,Bath,email-override,2026-03-04T21:09:48.000Z,2026-03-04T21:09:48.000Z
JOXDH6ijMeecMwynXpuH,Bath Fitter,marshellia.johnson@bathfitter.com,putnam-spring-2026,Other,Bath,email-override,2026-02-22T21:47:26.000Z,2026-03-04T17:48:28.000Z
L0mwFI9tMcyv0wyqKIcn,Creative Log Cabins,vwinneccs@gmail.com,putnam-spring-2026,Other,General Contractor,email-override,2026-03-04T17:36:09.000Z,2026-03-04T17:50:56.000Z
L4R0rTC7xH7VQaX9YAUc,Putnam Plumbing,garry@putnamplumbing.com,putnam-fall-2026,Other,Plumbing,email-override,2026-03-04T21:09:56.000Z,2026-03-04T21:09:56.000Z
LmeqlDaTI1NALTfOxecZ,Sullivan Walter Homes,heather@sullivanwalter.com,putnam-spring-2026,Other,General Contractor,email-override,2026-03-04T17:37:10.000Z,2026-03-04T17:53:37.000Z
N1VinlN8AR4PwGGN2LXb,Window Depot & Bath Team,ashlyn.windowdepot@gmail.com,putnam-spring-2026,Other,Windows,email-override,2026-03-04T17:37:37.000Z,2026-03-04T17:37:37.000Z
NDjwJmneudwIF6AVDUsa,LeafX of TN,tjholland1.th@gmail.com,putnam-fall-2026,Other,Gutters,email-override,2026-03-04T21:10:03.000Z,2026-03-04T21:10:03.000Z
NjEQrD4j41jVwcvdcyNl,The Crawlspace Kings,contact@thecrawlspacekings.com,putnam-spring-2026,Other,Insulation,email-override,2026-02-22T22:08:29.000Z,
Oww07z5rsYOAPuSRZITC,Putnam County Tree Service,putnamcountytreeservice@yahoo.com,putnam-spring-2026,Other,Landscaping,email-override,2026-03-04T17:36:56.000Z,2026-03-04T17:53:24.000Z
PIGSWL7x0sN1KZ7PRRGe,Pella Windows and Doors,events@pelladirect.com,putnam-spring-2026,Other,Windows,email-override,2026-03-04T17:36:54.000Z,2026-03-04T17:53:22.000Z
PTZlNvZoPHkYqPYGbSBz,Rolling Thunder Carts,admin@rollingthundercarts.com,putnam-fall-2026,Other,Outdoor Living,email-override,2026-03-04T21:10:14.000Z,2026-03-04T21:10:14.000Z
PUojCZMkO2pJzNhA7L1c,Southern Showers,events@southernshowers.com,putnam-fall-2026,Other,Bath,email-override,2026-03-04T21:09:56.000Z,2026-03-04T21:09:56.000Z
PZMMjq31RAc1ioc9w1lt,Historic Granville,granvilletnoffice@gmail.com,putnam-spring-2026,Other,Home Improvement,email-override,2026-03-04T17:36:24.000Z,2026-03-04T17:51:33.000Z
PqJCodo4bAbnDuH7pgvi,Bath Fitter,marshellia.johnson@bathfitter.com,putnam-fall-2026,Other,Bath,email-override,2026-03-04T21:09:57.000Z,2026-03-04T21:09:57.000Z
PqnYTWP0yMeOuAaMJcWp,Upper Cumberland Remodeling LLC,dunn2676@gmail.com,putnam-fall-2026,Other,Remodeling,email-override,2026-03-04T21:09:55.000Z,2026-03-04T21:09:55.000Z
PrUiHOICyHXNyLykxBt5,SUPERIOR SLEEP,patrice@supsleep.com,putnam-spring-2026,Other,Furniture,email-override,2026-03-04T17:37:12.000Z,2026-03-04T17:53:39.000Z
QN6D1F8ZPjInxVhFV5PP,B&H Storm Shelters,bandhshelters@yahoo.com,putnam-spring-2026,Other,Security,email-override,2026-03-04T17:35:50.000Z,2026-03-04T17:48:25.000Z
QaiJZVh9UDkLczR10Ivu,Selk Solutions,amber@selksolutions.com,putnam-fall-2026,Other,Home Improvement,email-override,2026-03-04T21:10:11.000Z,2026-03-04T21:10:11.000Z
QcTr9yrxaep7Kw1NZetz,Clinic Shape,nathaliaskincare@gmail.com,putnam-spring-2026,Other,Interior Design,email-override,2026-03-04T17:36:05.000Z,2026-03-04T17:50:08.000Z
QkxWix0knItN4X2NqqGi,Axen Realty,canglin@axenrealty.com,putnam-fall-2026,Other,Real Estate,email-override,2026-03-04T21:10:05.000Z,2026-03-04T21:10:05.000Z
R075zt4vjKBqPZllI4Vp,Roberts Excavation LLC,robertsexcavationllc@gmail.com,putnam-fall-2026,Other,Concrete,email-override,2026-02-22T20:33:47.000Z,
R6i3bfnIfy1Yjsz0u1BP,America's Home Place,jbrezeale@americashomeplace.com,putnam-spring-2026,Other,General Contractor,email-override,2026-03-04T17:35:45.000Z,2026-03-04T17:48:20.000Z
RqjGkRuFzZ26Zpq1rURd,Karen’s Cleaning,kpresley1@gmail.com,putnam-spring-2026,Other,Home Cleaning,email-override,2026-02-22T20:51:05.000Z,2026-03-04T17:51:42.000Z
T3bwP30CRpU8RwRSBE1O,All American Mattress LLC,derrick@allamericanmattress.com,putnam-spring-2026,Other,Furniture,email-override,2026-03-04T17:35:38.000Z,2026-03-04T17:48:14.000Z
TUmIhFBh1v6582071W19,United Structural Systems (USS),marketing@stabledry.com,putnam-fall-2026,Other,Insulation,email-override,2026-03-04T21:09:54.000Z,2026-03-04T21:09:54.000Z
U1jVucY8fZTbMQGKfC9G,B&H Storm Shelters,b&hshelters@yahoo.com,putnam-fall-2026,Other,Security,email-override,2026-03-04T21:10:03.000Z,2026-03-04T21:10:03.000Z
Ud7zDbg8o0a9m8ped99F,B&H Storm Shelters,b&hshelters@yahoo.com,putnam-spring-2026,Other,Security,email-override,2026-02-22T22:10:24.000Z,
UdRwtcOa226dWzqifnLV,LeafX of TN,tjholland1.th@gmail.com,putnam-spring-2026,Other,Gutters,email-override,2026-03-04T17:36:40.000Z,2026-03-04T17:51:49.000Z
VOjMCy3ZALh6BsWaP1eR,Creative Log Cabins,vwinneccs@gmail.com,putnam-fall-2026,Other,General Contractor,email-override,2026-03-04T21:09:57.000Z,2026-03-04T21:09:57.000Z
VWvMmLmIZzSTSEkrlsoa,Craft Body Scan,rick@crafthealth.com,putnam-fall-2026,Other,Home Improvement,email-override,2026-03-04T21:10:09.000Z,2026-03-04T21:10:09.000Z
Vc9NqJibNl2TeY01Lk3g,Cana Event Backdrops,canaeventbackdrops@gmail.com,putnam-spring-2026,Other,Interior Design,email-override,2026-03-04T17:36:03.000Z,2026-03-04T17:49:46.000Z
W7gfihYB3NnxIizZg562,Innovative Home Services,moriah@irtn.co,putnam-fall-2026,Other,General Contractor,email-override,2026-03-04T21:10:05.000Z,2026-03-04T21:10:05.000Z
WoAfjFfxfWSLak4eD0lR,Olympic Air LLC,allison@meetinthemiddle.club,putnam-spring-2026,Other,HVAC,email-override,2026-03-04T17:36:47.000Z,2026-03-04T17:52:37.000Z
Wsk1C4oFh0IqS3F4yg6y,C & W Mechanical,lisa@cwmechanicalservices.com,putnam-spring-2026,Other,HVAC,keyword:\b(hvac|heating|cooling|air[- ]?conditioning|mechanical)\b,2026-03-04T17:35:59.000Z,2026-03-04T17:49:06.000Z
WvBR2yCFJPYY71SSTV8h,LeafFilter Gutter Protection,events@leaffilter.com,putnam-fall-2026,Other,Gutters,email-override,2026-03-04T21:10:07.000Z,2026-03-04T21:10:07.000Z
WvtsWuQa5T1Vou6hgNgU,Garage Force of Nashville,wwatson@garageforce.com,putnam-spring-2026,Other,Garage,email-override,2026-03-04T17:36:20.000Z,2026-03-04T17:51:30.000Z
Xpm05ItcTHvQbTEcVAO7,Innovative Home Services,moriah@irtn.co,putnam-spring-2026,Other,General Contractor,email-override,2026-03-04T17:36:29.000Z,2026-03-04T17:51:39.000Z
ZLmIdWTrlg8tu8HYHfk9,Axen Realty,canglin@axenrealty.com,putnam-spring-2026,Other,Real Estate,email-override,2026-03-04T17:35:48.000Z,2026-03-04T17:48:23.000Z
a3P2mhwzw0GsLPUI6sG8,Clinic Shape,nathaliaskincare@gmail.com,putnam-fall-2026,Other,Interior Design,email-override,2026-03-04T21:10:02.000Z,2026-03-04T21:10:02.000Z
aW0r2sk1xyBtS2Vlg6Ps,Middle Tennessee Cleaners,mike@middletennesseecleaners.com,putnam-fall-2026,Other,Home Cleaning,email-override,2026-03-04T21:09:49.000Z,2026-03-04T21:09:49.000Z
apAgy08sYhZPFIhFKThg,Home Stretch,james.blair@home-stretch.com,putnam-spring-2026,Other,General Contractor,email-override,2026-02-22T21:03:08.000Z,2026-03-04T17:51:35.000Z
b0hUWeUldgULIaiDNTx4,Allen's land development,allenslanddevelopment@gmail.com,putnam-spring-2026,Other,Landscaping,email-override,2026-03-04T17:35:40.000Z,2026-03-04T17:48:15.000Z
bEbsh4rxpyWvINpizu1y,Improveit Home Remodeling,ihrshowmanager@improveitusa.com,putnam-spring-2026,Other,Remodeling,email-override,2026-03-04T17:36:27.000Z,2026-03-04T17:51:38.000Z
bkfjAIKDhRQdImgvWTdh,Willow Window,931window1@gmail.com,putnam-fall-2026,Other,Windows,email-override,2026-03-04T21:10:08.000Z,2026-03-04T21:10:08.000Z
cDEZUYEbzUOOjmlLox6M,LeafFilter Gutter Protection,events@leaffilter.com,putnam-spring-2026,Other,Gutters,email-override,2026-03-04T17:36:34.000Z,2026-03-04T17:51:44.000Z
cZNaTSI37tQHroYQ2cxt,Bruck Contractors LLC,zeke@bruckcontractors.com,putnam-spring-2026,Other,General Contractor,email-override,2026-03-04T17:35:56.000Z,2026-03-04T17:48:30.000Z
cuxzxyOrzD1hpuzNGArI,Modern Development,jaden@moderndevelopment.co,putnam-fall-2026,Other,General Contractor,email-override,2026-03-04T21:10:10.000Z,2026-03-04T21:10:10.000Z
dF9IFyn6lRNoQrHX8xJ3,Sullivan Walter Homes,heather@sullivanwalter.com,putnam-fall-2026,Other,General Contractor,email-override,2026-03-04T21:09:58.000Z,2026-03-04T21:09:58.000Z
eEaNVr3hTJdSp5FFYzWd,Patio Enclosures,shanautica.sales@greatdayimprovements.com,putnam-fall-2026,Other,Decks & Patios,email-override,2026-03-04T21:09:51.000Z,2026-03-04T21:09:51.000Z
fiq6Km1gVHtA9kmpywwM,All American Mattress LLC,derrick@allamericanmattress.com,putnam-fall-2026,Other,Furniture,email-override,2026-03-04T21:10:03.000Z,2026-03-04T21:10:03.000Z
gPhaHvV7j7mzOfrmY4w2,Integrity Metal Sales & Lumber,ims@ibyfax.com,putnam-fall-2026,Other,Roofing,email-override,2026-03-04T21:09:50.000Z,2026-03-04T21:09:50.000Z
gjs0IiT2TAY1fxxWBzv8,Window Depot & Bath Team,ashlyn.windowdepot@gmail.com,putnam-fall-2026,Other,Windows,email-override,2026-03-04T21:09:58.000Z,2026-03-04T21:09:58.000Z
hhzPD48LoM7HadF7FgVg,Wilson Bank & Trust,events@wilsonbank.com,putnam-spring-2026,Other,Mortgage,email-override,2026-03-04T17:37:35.000Z,2026-03-04T17:37:35.000Z
hsPq9qYJcTYWqTffqJTx,Custom Bath & Shower,pat@custombathandshower.com,putnam-spring-2026,Other,Bath,email-override,2026-03-04T17:36:12.000Z,2026-03-04T17:51:23.000Z
htpc5riuYvCJhgoK8VxI,Willow Window,931window1@gmail.com,putnam-spring-2026,Other,Windows,email-override,2026-03-04T17:37:33.000Z,2026-03-04T17:37:33.000Z
iapbuC9Jfmht5RmhW69D,Allen's Land Development,allenslanddevelopment@gmail.com,putnam-fall-2026,Other,Landscaping,email-override,2026-02-22T20:41:22.000Z,2026-02-22T20:48:19.000Z
jAFMXaOXOuSr4ZxTzFN3,Erie Home,erieevents@leafhome.com,putnam-fall-2026,Other,Roofing,email-override,2026-03-04T21:10:15.000Z,2026-03-04T21:10:15.000Z
k6Np2eODi6UyiJKORa5h,Window Nation,bredding@windownation.com,putnam-spring-2026,Other,Windows,email-override,2026-03-04T17:37:39.000Z,2026-03-04T17:37:39.000Z
kBZSgtdsWUdwvyiJBYyy,B&H Storm Shelters,bandhshelters@yahoo.com,putnam-fall-2026,Other,Security,email-override,2026-03-04T21:10:01.000Z,2026-03-04T21:10:01.000Z
kftqqKngQ6Jf5e0v3ZYx,T-Mobile,thomas.surratt1@t-mobile.com,putnam-fall-2026,Other,Smart Home,email-override,2026-03-04T21:09:50.000Z,2026-03-04T21:09:50.000Z
kwEEdA2M6mYyhloucqmP,American Home Design,mgoodchild@americanhomedesign.com,putnam-fall-2026,Other,Interior Design,email-override,2026-03-04T21:10:10.000Z,2026-03-04T21:10:10.000Z
l391bb7mVmpMkMfCTCi1,Beautiful Homes and Decks,curbappealoftn@gmail.com,putnam-fall-2026,Other,Decks & Patios,email-override,2026-03-04T21:10:15.000Z,2026-03-04T21:10:15.000Z
mWx149eU0UeW5CRImJA7,SAY HEATING AND COOLING,sayheatingandcooling@gmail.com,putnam-fall-2026,Other,HVAC,email-override,2026-03-04T21:09:46.000Z,2026-03-04T21:09:46.000Z
nLs2EhDAsuj7eiMSucwR,Craft Body Scan,rick@crafthealth.com,putnam-spring-2026,Other,Home Improvement,email-override,2026-02-22T21:41:16.000Z,2026-03-04T17:50:32.000Z
o6jmD5QraLIH244vccfD,H20 Waterbiz southeast LLC,dennis@h20waterbiz.com,putnam-fall-2026,Other,Water Treatment,email-override,2026-03-04T21:09:47.000Z,2026-03-04T21:09:47.000Z
oE3t3cNmkk8dC90vatLF,American Home Design,mgoodchild@americanhomedesign.com,putnam-spring-2026,Other,Interior Design,email-override,2026-03-04T17:35:43.000Z,2026-03-04T17:48:18.000Z
oIHf1viNzFjtVZrFksMY,Olympic Air LLC,allison@meetinthemiddle.club,putnam-fall-2026,Other,HVAC,email-override,2026-03-04T21:10:04.000Z,2026-03-04T21:10:04.000Z
oUfd0P0AghiOBPZe04Ig,Improveit Home Remodeling,ihrshowmanager@improveitusa.com,putnam-fall-2026,Other,Remodeling,email-override,2026-03-04T21:10:06.000Z,2026-03-04T21:10:06.000Z
oehsyKnR78iIeq2zNgx5,SUPERIOR SLEEP,patrice@supsleep.com,putnam-fall-2026,Other,Furniture,email-override,2026-03-04T21:10:01.000Z,2026-03-04T21:10:01.000Z
opE0l6qV16LSBLGQzsEE,Custom Bath & Shower,pat@custombathandshower.com,putnam-fall-2026,Other,Bath,email-override,2026-03-04T21:10:08.000Z,2026-03-04T21:10:08.000Z
p7QR35JAl9MSPImvtxUN,Bruck Contractors LLC,zeke@bruckcontractors.com,putnam-fall-2026,Other,General Contractor,email-override,2026-03-04T21:10:07.000Z,2026-03-04T21:10:07.000Z
pBfEOZiuTjhoZcUQBdYL,Leafguard,kschwarz@leafguard.com,putnam-spring-2026,Other,Gutters,email-override,2026-03-04T17:36:36.000Z,2026-03-04T17:51:46.000Z
qnJYWueIyEzIOgbCgBSq,Budget Blinds,jwilliams@budgetblinds.com,putnam-fall-2026,Other,Windows,email-override,2026-03-04T21:09:53.000Z,2026-03-04T21:09:53.000Z
r4eLKs5HfU5taP60dsfQ,PIXL,aloft2@gmail.com,putnam-fall-2026,Other,Smart Home,email-override,2026-03-04T21:10:12.000Z,2026-03-04T21:10:12.000Z
rCzayzTCh909qlfyTNgB,"NXT Generation Painting, LLC",jasonbo1462@gmail.com,putnam-fall-2026,Other,Painting,email-override,2026-03-04T21:09:56.000Z,2026-03-04T21:09:56.000Z
rxYfhc6kNSZNknzuIE6R,Modern Development,jaden@moderndevelopment.co,putnam-spring-2026,Other,General Contractor,email-override,2026-03-04T17:36:43.000Z,2026-03-04T17:52:00.000Z
sBUzzxo7ptnTxnYNqRsB,Selk Solutions,amber@selksolutions.com,putnam-spring-2026,Other,Home Improvement,email-override,2026-03-04T17:37:06.000Z,2026-03-04T17:53:34.000Z
sVKkd9vCp5iKt92RDSnK,Two Men and a Truck,kevin.christensen@twomen.com,putnam-fall-2026,Other,General Contractor,email-override,2026-03-04T21:09:47.000Z,2026-03-04T21:09:47.000Z
srWLNO2UiEnRu4SU7RZT,FLOWSHIELD GUTTER PROTECTION,rob@tnshield.com,putnam-spring-2026,Other,Gutters,email-override,2026-03-04T17:36:18.000Z,2026-03-04T17:51:28.000Z
t84VxdeeLWsUK9yhrbNO,The Crawlspace Kings,contact@thecrawlspacekings.com,putnam-fall-2026,Other,Insulation,email-override,2026-03-04T21:09:59.000Z,2026-03-04T21:09:59.000Z
txuZ4Cgb1MWCX9bpXR6Y,Leafguard,kschwarz@leafguard.com,putnam-fall-2026,Other,Gutters,email-override,2026-03-04T21:10:10.000Z,2026-03-04T21:10:10.000Z
uCoSSnyF9GvmqT2qtRgx,PIXL,aloft2@gmail.com,putnam-spring-2026,Other,Smart Home,email-override,2026-02-11T17:02:30.000Z,2026-03-04T21:01:18.000Z
uQ27BgQjWk76hIVL1rsQ,Campbell Pest Solutions,russell@campbellpestsolutions.com,putnam-spring-2026,Other,Pest Control,email-override,2026-03-04T17:36:02.000Z,2026-03-04T17:49:25.000Z
uf8JvaD9HgxRRA7v6Dog,Upper Cumberland Cabinetry,design@uccabinetry.com,putnam-spring-2026,Other,Interior Design,keyword:\b(interior|design|decor|backdrop)\b,2026-03-04T17:37:26.000Z,2026-03-04T17:37:26.000Z
ugqc8a9mM2I0qYyTAwSe,USA Granite,deshaun@theusagranite.com,putnam-fall-2026,Other,Countertops,email-override,2026-02-22T20:39:28.000Z,
w8IZHRiZVV3yfa59P9WB,American Home,gayle.edmiston@yahoo.com,putnam-spring-2026,Other,General Contractor,email-override,2026-02-22T21:52:37.000Z,2026-03-04T17:48:16.000Z
wV8H2NXCS1JGYEELuiMM,Roberts Excavation LLC,robertsexcavationllc@gmail.com,putnam-spring-2026,Other,Concrete,email-override,2026-03-04T17:37:01.000Z,2026-03-04T17:53:29.000Z
wgszuraXIvwQQVzlalV5,TWO MEN AND A TRUCK,jen.christensen@twomen.com,putnam-spring-2026,Other,General Contractor,email-override,2026-03-04T17:37:21.000Z,2026-03-04T17:37:21.000Z
xVAMMzEzmPqSGP3Fl0vM,Barrier Waterproofing,barrieroftn@gmail.com,putnam-fall-2026,Other,Insulation,email-override,2026-03-04T21:09:47.000Z,2026-03-04T21:09:47.000Z
xZOl6TqY8G8SQ2jbe7Hp,America's Home Place,jbrezeale@americashomeplace.com,putnam-fall-2026,Other,General Contractor,email-override,2026-03-04T21:10:02.000Z,2026-03-04T21:10:02.000Z
xzqwIWBOSJS4BrFWZbis,"Patriot Contractors, LLC",joe.patriotcontractors@gmail.com,putnam-fall-2026,Other,General Contractor,email-override,2026-03-04T21:09:52.000Z,2026-03-04T21:09:52.000Z
zD1qCd9UIcrI6Up3NqD1,Rolling Thunder Carts,admin@rollingthundercarts.com,putnam-spring-2026,Other,Outdoor Living,email-override,2026-03-04T17:37:03.000Z,2026-03-04T17:53:31.000Z
zGnXoL89lfca76KqThvP,Beautiful Homes and Decks,curbappealoftn@gmail.com,putnam-spring-2026,Other,Decks & Patios,email-override,2026-03-04T17:35:55.000Z,2026-03-04T17:48:30.000Z
zMcdaybWAtZeh7qhTBnX,Erie Home,erieevents@leafhome.com,putnam-spring-2026,Other,Roofing,email-override,2026-03-04T17:36:16.000Z,2026-03-04T17:51:27.000Z
